{"optimizer": "Adam", "loss": [0.7969337300459544, 0.11848206904626661, 0.05260561561964928, 0.03701237515797691, 0.03200263931781431, 0.026606413376958748, 0.021095380213883547, 0.018941304369235603, 0.015821781598187826, 0.014001008755755875, 0.011224405246121543, 0.009159585217218748, 0.008583564214084459, 0.007386605902637601, 0.006368523137838771, 0.005533297693028169, 0.005053047885314125, 0.004497487887169011, 0.003863912941303977, 0.0034804903764896634, 0.0030931429765117704, 0.0027545229194850325, 0.002427183424581949, 0.0023495345947870073, 0.002104844757003294, 0.0019834131738507605, 0.001683577731804892, 0.0016894484276339511, 0.0015508813827779329, 0.0015582270088113674, 0.0014550260303899496, 0.0012218338679777434, 0.0011072611460988843, 0.0011283222476147375, 0.0009864129479274766, 0.0009696797006156134, 0.0009069718313348273, 0.001035344709306219, 0.0009347350906168094, 0.0007946984545095985, 0.0007965430435333544, 0.000751150808617717, 0.0008601401676322175, 0.0007685481881985115, 0.0007840068290665518, 0.0006713039539500969, 0.0008575710972718964, 0.000735901276468065, 0.000741915835131859, 0.0006528233214093837], "learning_rate": 0.001, "episodes": 50, "batch_size": 64, "buffer_size": 50, "gamma": 0.95, "epsilon_decay": 0.995, "window": 10, "total_days": 1000, "state_size": 16, "total reward": [-157.2487075348919, -62.7762868757677, -104.96418523255119, -24.277156247185427, -128.74011475491565, -71.63340225518661, -154.46443164793422, -107.18483002393717, -43.00114403708535, -15.3473116251437, -10.430183451021232, 5.3564691245110625, -24.972032330276154, -3.817815721514438, 0.057257518517911166, -29.877621499790944, -40.58435986373697, -57.64486705588396, -84.47134417499544, -59.09942847814835, -9.632221199533895, -4.953004394452783, 22.697638441605243, 6.436556414318659, 10.07600779749096, -87.17512324003508, -94.59893438407381, -67.85022644040924, -32.378557460342506, 0.605606659474351, -52.60057879578393, -58.953792664707095, -47.590758096155895, -12.282819967586045, -50.72645202709635, -32.31406725072188, -3.2121048686197957, -13.807213208774435, -8.402763662067883, -26.64173202496879, -22.946589404759877, -44.427588505887606, -18.71948911746634, -59.478985531473384, 12.517075845830231, -27.25001261204576, -11.068045263954513, -13.631601854942145, -6.998069253484255, -30.305933749920943], "sharpe ratios": [0, 1.6200356115201964, 0.21087848496093395, 0.6133839656614444, 0.007238743656380118, -0.036998771064097075, 0.014904981033193564, -0.011620930783442932, -0.04603530762069509, 0.03820878639458538, 0.005727971235099529, 0.1617122294468028, 0.2833838100948111, 0.297617687160388, 0.2148796455418593, 0.157229349968925, 0.21168421608024576, 0.2046572344413457, 0.18769990624339747, 0.10848858656764164, 0.14783933453843284, 0.09816540582725654, 0.07853578359600771, 0.01930922420344239, 0.08237825549432333, 0.08023531311662699, 0.07091459793552662, 0.05478807283888607, 0.07375237094063601, 0.07540382994244074, 0.07890292235287309, 0.06987555465599324, 0.10036825407019596, 0.09617804903753323, 0.1611372518918613, 0.19094107473003574, 0.17264128380545388, 0.17247622952238176, 0.1768226315080074, 0.1415961788680116, 0.1601477490727383, 0.0860679548731918, -0.008541823951121345, 0.031666890176405366, 0.024951321891221633, 0.04276007762616262, 0.016942871112362395, 0.049601194645013474, 0.021825948208998244, 0.1408915505674816, 0.05011222934412054, 0.08236001068105153, 0.07514304352803358, 0.16908818046934637, 0.17972185963151896, 0.16693875656670773, 0.2609570356148851, 0.11100292871765331, 0.11842869913018444, 0.1423445164138561, 0.1301173344560164, 0.17271124742871374, 0.13370616558608572, 0.09789539120146158, 0.0922184775877198, 0.05271103756164591, 0.05013504878981525, 0.052369502372899855, 0.07830029001942194, 0.08509584502463448, 0.07832799471915591, 0.08512618015523402, 0.08507702707040726, 0.05550678654892977, 0.08506472218266055, 0.09458698794481428, 0.08140347504348078, 0.06389976755466426, 0.08135078110793534, 0.0570130448476655, 0.08696913971245651, 0.12105794513784732, 0.12437581397007642, 0.12379926927243325, 0.07857125410898055, 0.09347250095710859, 0.033712568579485805, 0.16672761756336685, 0.08882916989774475, 0.05354057130681209, 0.04358991905413798, -0.09500345602945678, -0.021036548521262285, -0.015315696761850569, 0.02550769120434527, 0.07789486280696511, 0.071513529459684, 0.05227457908791923, -0.0015979175153161506, -0.00813730065942631, -0.0016025140747967963, -0.018302106311167618, 0.0036454604723150552, -0.016654434340073174, -0.007864048138050656, 0.0658667083451377, 0.046689468536348165, 0.04197401907740745, 0.038547818281912956, 0.030276701703196966, 0.03365573375023205, -0.03308272589969126, 0.0310953684634215, -0.06451321182095335, -0.10331166834055677, -0.10218008844571584, -0.210867107940333, -0.13527433402443748, -0.07137170442787184, -0.08891419046362205, -0.05583805325881966, -0.03211179109350145, -0.04900133898777581, -0.05653246001364482, -0.05673360042441571, -0.030618694582788066, -0.00476363264739484, 0.03140750367259764, 0.027706060906626827, 0.020849027392048265, 0.007168978836697514, 0.03499296760739104, -0.006428193457361275, -0.043434699943103915, -0.18130062674965158, -0.30217812545599965, -0.2822186913271046, -0.27691825692622996, -0.23701739703722, -0.17550591781616864, -0.16970847453114588, -0.169205808171739, -0.21175778818095767, -0.15442342286899283, -0.12552047589286558, -0.11492720613902033, -0.14206129212615415, -0.1954092520570521, -0.18462673863865725, -0.17422691966628187, -0.17937478279012414, -0.17821067160067527, -0.17864895569043424, -0.18924914578346458, -0.18910272088077215, -0.17909996415251495, -0.17875026318901763, -0.17875026318901757, -0.17875026318901763, -0.17406615713159113, -0.17443130736606968, -0.1841697914121318, -0.16604444789116124, -0.12293518459029805, 0.07396082141989475, 0.18281600755969918, 0.2239660646327835, 0.22694851171912167, 0.18615622461070305, 0.0892937736098479, 0.05660082773757773, 0.0513838478942847, 0.05087660367294561, 0.048337818591987484, 0.049350516703987476, -0.01429282820074536, -0.015361069987609617, 0.18092368222622338, 0.145483014360674, 0.11304049526092234, 0.12979530448139162, 0.13236789270430635, 0.12977089095325586, 0.1708849792976656, 0.16817020022549062, 0.13384138397381834, 0.1345119331231223, 0.13271221730388547, 0.13449976735176405, 0.13717957923360674, 0.1884797023884831, 0.19684043120564196, 0.19779073747088077, 0.20250306030455614, 0.15936275484748139, 0.00479907937156394, -0.8520325091279501, -0.9507813743933656, -0.9601727006056874, -0.8616041289459373, -0.8424344207761465, -0.47315674113032963, -0.48860952688844406, -0.49428103510542615, -0.4797730879978053, -0.3870870467698994, -0.30868269626257827, -0.29789419600688205, -0.2670644585150081, -0.23018722808529665, -0.21493958269483684, -0.2614293757557834, -0.2570046805558706, -0.28387378004634845, -0.27016090389785874, -0.27016569069999874, -0.3000957313578587, -0.2635938661850809, -0.2914230857683177, -0.3391624614046104, -0.40574576783288624, -0.46975277571454627, -0.45652446248070067, -0.4681750823152667, -0.4520858441437541, -0.4638719451630909, -0.4586133137773158, -0.44958248464513934, -0.4495824846451395, -0.45616808073147913, -0.5018749396685923, -0.5400852357270723, -0.5572347784382606, -0.5821480388756607, -0.5874505329649753, -0.6087133043000481, -0.6280948439843842, -0.6285421497803336, -0.6327171683814488, -0.6472092968157511, -0.6499757270959345, -0.6390342227225537, -0.6341194580708985, -0.6256017376130153, -0.6260492494017945, -0.6291953823185181, -0.6159731343770881, -0.6257470354444592, -0.5828047882846839, -0.5600199429545397, -0.5137441541221154, -0.4824580178174374, -0.4997808572784805, -0.4954307290963629, -0.5066849488565472, -0.49865556935268446, -0.5032623840562209, -0.5164457546248107, -0.5177307890877488, -0.514079063751786, -0.23263437365423373, -0.14751822090742472, 0.027151458533693953, -0.034451611094098285, -0.06484797369140974, 