{"optimizer": "Adam", "loss": [1.3367688536643982, 0.17281233024212622, 0.07297094565756777, 0.04776710541475387, 0.0337885614437393, 0.025118886640197353, 0.02029575834403167, 0.020776561184192268, 0.023686457764018665, 0.018821812697551534, 0.02108061099903924, 0.02021149010714436, 0.017895144087392928, 0.015767145216999567, 0.013588870319861248, 0.011961494134921653, 0.011207288261709178, 0.010071340862674581, 0.00876355874951523, 0.008417419248426969, 0.008135759861611608, 0.007512001060692333, 0.006704891458843969, 0.006132383753518834, 0.005516779299517324, 0.00541573172592255, 0.005606959162068201, 0.005060660562392583, 0.004549872373144261, 0.0045342845900571424, 0.004377697573767768, 0.0037312222247371, 0.004078688748195004, 0.0037742231734110726, 0.0033739274351029577, 0.0034485643363517263, 0.0035274532316299863, 0.0035439483244493726, 0.0034273936232345637, 0.0032814325977565725, 0.0033230803304046164, 0.003544566148528399, 0.0030848481921476397, 0.0032719285504238024, 0.003050196535564099, 0.002901090055095906, 0.0030840211578913915, 0.0029571121701827416, 0.0029237748010709675, 0.0028299099177084815], "learning_rate": 0.001, "episodes": 50, "batch_size": 64, "buffer_size": 50, "gamma": 0.95, "epsilon_decay": 0.995, "window": 10, "total_days": 1000, "state_size": 16, "total reward": [-279.60682130657955, -200.23868467474958, -203.83384781312432, -179.719066526215, -72.67867487459961, -58.57037050414738, -117.63107213845001, -523.4560812363094, -54.81755217017291, 4.3469750890926715, -719.2123062062693, -252.34731454606612, -60.737835722042405, -151.96719174801964, -147.8427924614649, -158.4892879845937, -73.92020588139611, -9.44076625427475, -60.46172363993644, -41.32972976942028, -25.81692019086817, -38.7898490458889, -154.7915161105479, -44.52688948462047, -63.53486889463813, -135.41518430386537, -79.12549353463248, -87.12724717004217, -18.165099810845504, -171.54656273497937, -41.827298963808175, -28.128062810697926, -121.37364302870654, -42.37258429872758, -88.8732135582479, -133.09598329039997, -119.7698310734828, -45.764386507822614, -141.02434187656235, -62.38516862229315, -312.0719988955161, -138.79769472266034, -178.974561967807, -104.05980526008652, -71.16788382178015, -15.642836837444943, -215.00730691882526, -72.8934657752308, -94.0231092686615, -65.09235406999868], "sharpe ratios": [0, -2.1516086211429877, -0.48136106698549164, -0.20686926492955485, -0.03287601928276498, 0.16405803017329942, 0.2955585077037617, 0.42927914842277126, 0.5755501163604967, 0.5815936490490521, 0.4602749728498241, 0.3549241706013143, 0.3624803015862517, 0.2972308898882604, 0.19360463827964353, 0.11474084329302278, 0.08164276413568042, 0.1451954190702174, 0.13038955746718284, 0.08001104356771155, 0.08255799047195973, 0.0927312605031708, 0.08548315540551096, 0.11764371488930032, 0.0804466812762976, 0.09839135551096641, 0.10796285763526656, 0.10184911509964559, 0.08435094401460334, 0.07518208301383801, 0.08249765679371912, 0.13606087820404003, 0.07492765744678315, 0.02093798272346711, 0.01090865223728451, -0.0007329882387271105, -0.043753149724387916, -0.0951344396597291, -0.318170139173732, -0.3417082942579458, -0.3551949594060283, -0.3409462815895799, -0.39492708151798117, -0.3345178379596326, -0.2613530388150362, -0.24309939749431778, -0.24369557677893625, -0.3210433924416089, -0.3594793396272685, -0.1263098802588002, -0.10882101632670359, -0.06950147872297717, -0.05861408389585066, -0.11183640043904719, -0.09486589913127876, -0.12247345321127764, -0.143998260458548, -0.19966530878825303, -0.22044773108388557, -0.24131198679006297, -0.17026274890876011, -0.17064849072693314, -0.06175819601588104, 0.03142781319706123, 0.08015407519271153, 0.04200317297885914, 0.05554778909434167, 0.09994591791594894, 0.1534336682375562, 0.13158203046432815, 0.14489178921036147, 0.11858681709425906, 0.14331905548362095, 0.11753060086071941, 0.0944108246744129, 0.18423153611863316, 0.2055751657962384, 0.16990094962974536, 0.19494034207636074, 0.17554195667741498, 0.18582029934330313, 0.17306806682739143, 0.16827256223015663, 0.18339925440446947, 0.0960976760766085, 0.012682374319423057, 0.056589702012742917, 0.18211061789083388, 0.2504638702223738, 0.3032614001042414, 0.2647716549464463, 0.2614978839572601, 0.19437750909817728, 0.13402848916506424, 0.11870951948819794, 0.1284117024897045, 0.11339414740868031, 0.07153557792250419, 0.04199425189665299, 0.07281642265093054, 0.10044106985737962, 0.08629569064187877, 0.08629569064187877, 0.08358632389024373, 0.06384571537093467, 0.043167856184220546, 0.06476005648458188, 0.052268613057426645, 0.10252608043783287, 0.14772633766216842, 0.19039199257639322, 0.17310762772168561, 0.23578053720917344, 0.23578053720917344, 0.3017951504870928, 0.3816134139133842, 0.2510766621846235, 0.18918862311351742, 0.1764317362834168, 0.1197556534060787, 0.07397167012675142, 0.11280003121431995, 0.1519394684309513, 0.2219183827059373, 0.18211352113738458, 0.17581269453283144, 0.14739154090903664, 0.1261166657938708, 0.14678547547240012, 0.08832138820347499, 0.02272776983637052, 0.07692683865925952, 0.03341559445133077, 0.0744506932810954, 0.0741101602995821, 0.0031642509982593267, -0.08898844581292058, -0.08134645769820444, -0.11163224991152963, -0.2230569838653277, -0.2791406066041817, -0.2134520860551101, -0.3647644456581731, -0.42095538532892895, -0.3863948793341856, -0.3180459542707933, -0.24738100724416925, -0.215055196892749, -0.18616093943789327, -0.2340616933580436, -0.211776264833358, -0.2732342436829828, -0.26084264226568293, -0.2711815891559464, -0.21402282770486378, -0.2407975867502697, -0.23823644678647246, -0.1865292804530218, -0.1669726600094283, -0.15286555446701716, -0.11032007403375063, -0.10232781045328607, -0.09641692261902932, -0.11943236222283615, -0.10781075502910961, -0.10392530548255581, -0.06929094446354266, -0.08650287019502201, -0.09950847924282263, -0.09831043104950352, -0.12573091723059848, -0.1732751464180718, -0.09511124300615992, -0.08941795040500097, -0.17371394556689324, -0.20028155878574572, -0.2479207765783595, -0.27195991555428334, -0.24247417304108426, -0.1787569311704494, -0.09584564768713319, -0.028097991862518747, -0.10312643005516864, -0.14840640700688615, -0.23293172514002466, -0.1982356707959812, -0.17529940827913001, -0.2359880245724348, -0.29066200069622794, -0.3100127618207024, -0.3524330622650853, -0.42205482684175066, -0.3885994583629866, -0.37905061561739306, -0.4304228644749107, -0.4292695114468636, -0.41910982991321233, -0.4380681382022934, -0.41604655672237356, -0.3299648703674047, -0.3024777328709921, -0.29147670262053577, -0.20443330343125918, -0.12515221068710516, -0.08389082412569947, -0.051560881744191996, -0.005247279724602649, -0.004989936161717125, -0.021842078738645878, -0.021842078738645906, -0.12461739611185628, -0.11840301954148222, -0.09024521609344398, -0.060020545656609074, 0.016321750089042412, 0.016321750089042412, 0.006194731704284505, -0.00650492214880262, 0.018843200853274733, 0.05834304901188927, 0.09972137016395288, 0.11371880061026457, 0.11781041360861859, 0.11211494633754958, 0.1599836217463377, 0.16189424265416805, 0.10963046732567751, 0.27683780539757913, 0.28167359947638176, 0.24389365707379765, 0.2640465707555328, 0.29899398537883665, 0.13486114560321813, 0.09103116648697542, 0.11941905256246378, 0.09928124482691586, 0.05847494125356744, 0.05831086906717174, -0.03915481858325588, -0.0474475706989404, 0.049080241809023914, 0.05052650442768026, 0.05255911731278923, 0.026173456306460896, -0.03823835984583407, -0.05687006091673202, -0.009566602489171898, 0.03467636614772794, 0.012414642056427706, -0.0049779698009955265, -0.042330507574716285, -0.03551042750630574, -0.08727752874675171, -0.05526291269152169, 0.016827998663149175, 0.12836458869495307, 0.2808354142010814, 0.21717282581034886, 0.22198942976185557, 0.18973563286412626, 0.16702313788238451, 0.08218555688113123, 0.18406746202984378, 0.2377505599680045, 0.21648077574838143, 0.17335579143624819, 